"","title","geo_accession","status","submission_date","last_update_date","type","channel_count","source_name_ch1","organism_ch1","characteristics_ch1","characteristics_ch1.1","molecule_ch1","extract_protocol_ch1","extract_protocol_ch1.1","taxid_ch1","data_processing","data_processing.1","data_processing.2","platform_id","contact_name","contact_email","contact_department","contact_institute","contact_address","contact_city","contact_state","contact_zip/postal_code","contact_country","data_row_count","instrument_model","library_selection","library_source","library_strategy","relation","relation.1","supplementary_file_1","disease state:ch1","tissue:ch1"
"IPF_5466","IPF_5466","GSM7296247","Public on Jul 26 2023","May 04 2023","Jul 26 2023","SRA","1","lung","Homo sapiens","tissue: lung","disease state: idiopathic pulmonary fibrosis","total RNA","Lung tiusue were grinded in liquid nitrogen and total RNA was extracted using the Qiagen RNeasy kit.","Libraries were prepared using the Illumina TruSeq Stranded Total RNA Library Prep Kit.","9606","Sequencing reads were filtered and aligned using HTSeqGenie against the human genome assembly GRCh38.","Assembly: GRCh38","Supplementary files format and content: TSV count matrices","GPL20301","Jason,Anthony,Vander Heiden","vandej27@gene.com","Biological Research AI Development","Genentech","1 DNA Way","South San Francisco","CA","94080","USA","0","Illumina HiSeq 4000","cDNA","transcriptomic","RNA-Seq","BioSample: https://www.ncbi.nlm.nih.gov/biosample/SAMN34586491","SRA: https://www.ncbi.nlm.nih.gov/sra?term=SRX20220680","ftp://ftp.ncbi.nlm.nih.gov/geo/samples/GSM7296nnn/GSM7296247/suppl/GSM7296247_IPF_5466_count.tsv.gz","idiopathic pulmonary fibrosis","lung"
"IPF_5467","IPF_5467","GSM7296248","Public on Jul 26 2023","May 04 2023","Jul 26 2023","SRA","1","lung","Homo sapiens","tissue: lung","disease state: idiopathic pulmonary fibrosis","total RNA","Lung tiusue were grinded in liquid nitrogen and total RNA was extracted using the Qiagen RNeasy kit.","Libraries were prepared using the Illumina TruSeq Stranded Total RNA Library Prep Kit.","9606","Sequencing reads were filtered and aligned using HTSeqGenie against the human genome assembly GRCh38.","Assembly: GRCh38","Supplementary files format and content: TSV count matrices","GPL20301","Jason,Anthony,Vander Heiden","vandej27@gene.com","Biological Research AI Development","Genentech","1 DNA Way","South San Francisco","CA","94080","USA","0","Illumina HiSeq 4000","cDNA","transcriptomic","RNA-Seq","BioSample: https://www.ncbi.nlm.nih.gov/biosample/SAMN34586490","SRA: https://www.ncbi.nlm.nih.gov/sra?term=SRX20220681","ftp://ftp.ncbi.nlm.nih.gov/geo/samples/GSM7296nnn/GSM7296248/suppl/GSM7296248_IPF_5467_count.tsv.gz","idiopathic pulmonary fibrosis","lung"
"IPF_5468","IPF_5468","GSM7296249","Public on Jul 26 2023","May 04 2023","Jul 26 2023","SRA","1","lung","Homo sapiens","tissue: lung","disease state: idiopathic pulmonary fibrosis","total RNA","Lung tiusue were grinded in liquid nitrogen and total RNA was extracted using the Qiagen RNeasy kit.","Libraries were prepared using the Illumina TruSeq Stranded Total RNA Library Prep Kit.","9606","Sequencing reads were filtered and aligned using HTSeqGenie against the human genome assembly GRCh38.","Assembly: GRCh38","Supplementary files format and content: TSV count matrices","GPL20301","Jason,Anthony,Vander Heiden","vandej27@gene.com","Biological Research AI Development","Genentech","1 DNA Way","South San Francisco","CA","94080","USA","0","Illumina HiSeq 4000","cDNA","transcriptomic","RNA-Seq","BioSample: https://www.ncbi.nlm.nih.gov/biosample/SAMN34586489","SRA: https://www.ncbi.nlm.nih.gov/sra?term=SRX20220682","ftp://ftp.ncbi.nlm.nih.gov/geo/samples/GSM7296nnn/GSM7296249/suppl/GSM7296249_IPF_5468_count.tsv.gz","idiopathic pulmonary fibrosis","lung"
"IPF_5469","IPF_5469","GSM7296250","Public on Jul 26 2023","May 04 2023","Jul 26 2023","SRA","1","lung","Homo sapiens","tissue: lung","disease state: idiopathic pulmonary fibrosis","total RNA","Lung tiusue were grinded in liquid nitrogen and total RNA was extracted using the Qiagen RNeasy kit.","Libraries were prepared using the Illumina TruSeq Stranded Total RNA Library Prep Kit.","9606","Sequencing reads were filtered and aligned using HTSeqGenie against the human genome assembly GRCh38.","Assembly: GRCh38","Supplementary files format and content: TSV count matrices","GPL20301","Jason,Anthony,Vander Heiden","vandej27@gene.com","Biological Research AI Development","Genentech","1 DNA Way","South San Francisco","CA","94080","USA","0","Illumina HiSeq 4000","cDNA","transcriptomic","RNA-Seq","BioSample: https://www.ncbi.nlm.nih.gov/biosample/SAMN34586488","SRA: https://www.ncbi.nlm.nih.gov/sra?term=SRX20220683","ftp://ftp.ncbi.nlm.nih.gov/geo/samples/GSM7296nnn/GSM7296250/suppl/GSM7296250_IPF_5469_count.tsv.gz","idiopathic pulmonary fibrosis","lung"
"IPF_5470","IPF_5470","GSM7296251","Public on Jul 26 2023","May 04 2023","Jul 26 2023","SRA","1","lung","Homo sapiens","tissue: lung","disease state: idiopathic pulmonary fibrosis","total RNA","Lung tiusue were grinded in liquid nitrogen and total RNA was extracted using the Qiagen RNeasy kit.","Libraries were prepared using the Illumina TruSeq Stranded Total RNA Library Prep Kit.","9606","Sequencing reads were filtered and aligned using HTSeqGenie against the human genome assembly GRCh38.","Assembly: GRCh38","Supplementary files format and content: TSV count matrices","GPL20301","Jason,Anthony,Vander Heiden","vandej27@gene.com","Biological Research AI Development","Genentech","1 DNA Way","South San Francisco","CA","94080","USA","0","Illumina HiSeq 4000","cDNA","transcriptomic","RNA-Seq","BioSample: https://www.ncbi.nlm.nih.gov/biosample/SAMN34586487","SRA: https://www.ncbi.nlm.nih.gov/sra?term=SRX20220684","ftp://ftp.ncbi.nlm.nih.gov/geo/samples/GSM7296nnn/GSM7296251/suppl/GSM7296251_IPF_5470_count.tsv.gz","idiopathic pulmonary fibrosis","lung"
"IPF_5471","IPF_5471","GSM7296252","Public on Jul 26 2023","May 04 2023","Jul 26 2023","SRA","1","lung","Homo sapiens","tissue: lung","disease state: idiopathic pulmonary fibrosis","total RNA","Lung tiusue were grinded in liquid nitrogen and total RNA was extracted using the Qiagen RNeasy kit.","Libraries were prepared using the Illumina TruSeq Stranded Total RNA Library Prep Kit.","9606","Sequencing reads were filtered and aligned using HTSeqGenie against the human genome assembly GRCh38.","Assembly: GRCh38","Supplementary files format and content: TSV count matrices","GPL20301","Jason,Anthony,Vander Heiden","vandej27@gene.com","Biological Research AI Development","Genentech","1 DNA Way","South San Francisco","CA","94080","USA","0","Illumina HiSeq 4000","cDNA","transcriptomic","RNA-Seq","BioSample: https://www.ncbi.nlm.nih.gov/biosample/SAMN34586486","SRA: https://www.ncbi.nlm.nih.gov/sra?term=SRX20220685","ftp://ftp.ncbi.nlm.nih.gov/geo/samples/GSM7296nnn/GSM7296252/suppl/GSM7296252_IPF_5471_count.tsv.gz","idiopathic pulmonary fibrosis","lung"
"IPF_5472","IPF_5472","GSM7296253","Public on Jul 26 2023","May 04 2023","Jul 26 2023","SRA","1","lung","Homo sapiens","tissue: lung","disease state: idiopathic pulmonary fibrosis","total RNA","Lung tiusue were grinded in liquid nitrogen and total RNA was extracted using the Qiagen RNeasy kit.","Libraries were prepared using the Illumina TruSeq Stranded Total RNA Library Prep Kit.","9606","Sequencing reads were filtered and aligned using HTSeqGenie against the human genome assembly GRCh38.","Assembly: GRCh38","Supplementary files format and content: TSV count matrices","GPL20301","Jason,Anthony,Vander Heiden","vandej27@gene.com","Biological Research AI Development","Genentech","1 DNA Way","South San Francisco","CA","94080","USA","0","Illumina HiSeq 4000","cDNA","transcriptomic","RNA-Seq","BioSample: https://www.ncbi.nlm.nih.gov/biosample/SAMN34586485","SRA: https://www.ncbi.nlm.nih.gov/sra?term=SRX20220686","ftp://ftp.ncbi.nlm.nih.gov/geo/samples/GSM7296nnn/GSM7296253/suppl/GSM7296253_IPF_5472_count.tsv.gz","idiopathic pulmonary fibrosis","lung"
"IPF_5473","IPF_5473","GSM7296254","Public on Jul 26 2023","May 04 2023","Jul 26 2023","SRA","1","lung","Homo sapiens","tissue: lung","disease state: idiopathic pulmonary fibrosis","total RNA","Lung tiusue were grinded in liquid nitrogen and total RNA was extracted using the Qiagen RNeasy kit.","Libraries were prepared using the Illumina TruSeq Stranded Total RNA Library Prep Kit.","9606","Sequencing reads were filtered and aligned using HTSeqGenie against the human genome assembly GRCh38.","Assembly: GRCh38","Supplementary files format and content: TSV count matrices","GPL20301","Jason,Anthony,Vander Heiden","vandej27@gene.com","Biological Research AI Development","Genentech","1 DNA Way","South San Francisco","CA","94080","USA","0","Illumina HiSeq 4000","cDNA","transcriptomic","RNA-Seq","BioSample: https://www.ncbi.nlm.nih.gov/biosample/SAMN34586484","SRA: https://www.ncbi.nlm.nih.gov/sra?term=SRX20220687","ftp://ftp.ncbi.nlm.nih.gov/geo/samples/GSM7296nnn/GSM7296254/suppl/GSM7296254_IPF_5473_count.tsv.gz","idiopathic pulmonary fibrosis","lung"
"IPF_5474","IPF_5474","GSM7296255","Public on Jul 26 2023","May 04 2023","Jul 26 2023","SRA","1","lung","Homo sapiens","tissue: lung","disease state: idiopathic pulmonary fibrosis","total RNA","Lung tiusue were grinded in liquid nitrogen and total RNA was extracted using the Qiagen RNeasy kit.","Libraries were prepared using the Illumina TruSeq Stranded Total RNA Library Prep Kit.","9606","Sequencing reads were filtered and aligned using HTSeqGenie against the human genome assembly GRCh38.","Assembly: GRCh38","Supplementary files format and content: TSV count matrices","GPL20301","Jason,Anthony,Vander Heiden","vandej27@gene.com","Biological Research AI Development","Genentech","1 DNA Way","South San Francisco","CA","94080","USA","0","Illumina HiSeq 4000","cDNA","transcriptomic","RNA-Seq","BioSample: https://www.ncbi.nlm.nih.gov/biosample/SAMN34586483","SRA: https://www.ncbi.nlm.nih.gov/sra?term=SRX20220688","ftp://ftp.ncbi.nlm.nih.gov/geo/samples/GSM7296nnn/GSM7296255/suppl/GSM7296255_IPF_5474_count.tsv.gz","idiopathic pulmonary fibrosis","lung"
"IPF_5475","IPF_5475","GSM7296256","Public on Jul 26 2023","May 04 2023","Jul 26 2023","SRA","1","lung","Homo sapiens","tissue: lung","disease state: idiopathic pulmonary fibrosis","total RNA","Lung tiusue were grinded in liquid nitrogen and total RNA was extracted using the Qiagen RNeasy kit.","Libraries were prepared using the Illumina TruSeq Stranded Total RNA Library Prep Kit.","9606","Sequencing reads were filtered and aligned using HTSeqGenie against the human genome assembly GRCh38.","Assembly: GRCh38","Supplementary files format and content: TSV count matrices","GPL20301","Jason,Anthony,Vander Heiden","vandej27@gene.com","Biological Research AI Development","Genentech","1 DNA Way","South San Francisco","CA","94080","USA","0","Illumina HiSeq 4000","cDNA","transcriptomic","RNA-Seq","BioSample: https://www.ncbi.nlm.nih.gov/biosample/SAMN34586482","SRA: https://www.ncbi.nlm.nih.gov/sra?term=SRX20220689","ftp://ftp.ncbi.nlm.nih.gov/geo/samples/GSM7296nnn/GSM7296256/suppl/GSM7296256_IPF_5475_count.tsv.gz","idiopathic pulmonary fibrosis","lung"
"IPF_5476","IPF_5476","GSM7296257","Public on Jul 26 2023","May 04 2023","Jul 26 2023","SRA","1","lung","Homo sapiens","tissue: lung","disease state: idiopathic pulmonary fibrosis","total RNA","Lung tiusue were grinded in liquid nitrogen and total RNA was extracted using the Qiagen RNeasy kit.","Libraries were prepared using the Illumina TruSeq Stranded Total RNA Library Prep Kit.","9606","Sequencing reads were filtered and aligned using HTSeqGenie against the human genome assembly GRCh38.","Assembly: GRCh38","Supplementary files format and content: TSV count matrices","GPL20301","Jason,Anthony,Vander Heiden","vandej27@gene.com","Biological Research AI Development","Genentech","1 DNA Way","South San Francisco","CA","94080","USA","0","Illumina HiSeq 4000","cDNA","transcriptomic","RNA-Seq","BioSample: https://www.ncbi.nlm.nih.gov/biosample/SAMN34586481","SRA: https://www.ncbi.nlm.nih.gov/sra?term=SRX20220690","ftp://ftp.ncbi.nlm.nih.gov/geo/samples/GSM7296nnn/GSM7296257/suppl/GSM7296257_IPF_5476_count.tsv.gz","idiopathic pulmonary fibrosis","lung"
"IPF_5477","IPF_5477","GSM7296258","Public on Jul 26 2023","May 04 2023","Jul 26 2023","SRA","1","lung","Homo sapiens","tissue: lung","disease state: idiopathic pulmonary fibrosis","total RNA","Lung tiusue were grinded in liquid nitrogen and total RNA was extracted using the Qiagen RNeasy kit.","Libraries were prepared using the Illumina TruSeq Stranded Total RNA Library Prep Kit.","9606","Sequencing reads were filtered and aligned using HTSeqGenie against the human genome assembly GRCh38.","Assembly: GRCh38","Supplementary files format and content: TSV count matrices","GPL20301","Jason,Anthony,Vander Heiden","vandej27@gene.com","Biological Research AI Development","Genentech","1 DNA Way","South San Francisco","CA","94080","USA","0","Illumina HiSeq 4000","cDNA","transcriptomic","RNA-Seq","BioSample: https://www.ncbi.nlm.nih.gov/biosample/SAMN34586480","SRA: https://www.ncbi.nlm.nih.gov/sra?term=SRX20220691","ftp://ftp.ncbi.nlm.nih.gov/geo/samples/GSM7296nnn/GSM7296258/suppl/GSM7296258_IPF_5477_count.tsv.gz","idiopathic pulmonary fibrosis","lung"
"IPF_5478","IPF_5478","GSM7296259","Public on Jul 26 2023","May 04 2023","Jul 26 2023","SRA","1","lung","Homo sapiens","tissue: lung","disease state: idiopathic pulmonary fibrosis","total RNA","Lung tiusue were grinded in liquid nitrogen and total RNA was extracted using the Qiagen RNeasy kit.","Libraries were prepared using the Illumina TruSeq Stranded Total RNA Library Prep Kit.","9606","Sequencing reads were filtered and aligned using HTSeqGenie against the human genome assembly GRCh38.","Assembly: GRCh38","Supplementary files format and content: TSV count matrices","GPL20301","Jason,Anthony,Vander Heiden","vandej27@gene.com","Biological Research AI Development","Genentech","1 DNA Way","South San Francisco","CA","94080","USA","0","Illumina HiSeq 4000","cDNA","transcriptomic","RNA-Seq","BioSample: https://www.ncbi.nlm.nih.gov/biosample/SAMN34586479","SRA: https://www.ncbi.nlm.nih.gov/sra?term=SRX20220692","ftp://ftp.ncbi.nlm.nih.gov/geo/samples/GSM7296nnn/GSM7296259/suppl/GSM7296259_IPF_5478_count.tsv.gz","idiopathic pulmonary fibrosis","lung"
"IPF_5479","IPF_5479","GSM7296260","Public on Jul 26 2023","May 04 2023","Jul 26 2023","SRA","1","lung","Homo sapiens","tissue: lung","disease state: idiopathic pulmonary fibrosis","total RNA","Lung tiusue were grinded in liquid nitrogen and total RNA was extracted using the Qiagen RNeasy kit.","Libraries were prepared using the Illumina TruSeq Stranded Total RNA Library Prep Kit.","9606","Sequencing reads were filtered and aligned using HTSeqGenie against the human genome assembly GRCh38.","Assembly: GRCh38","Supplementary files format and content: TSV count matrices","GPL20301","Jason,Anthony,Vander Heiden","vandej27@gene.com","Biological Research AI Development","Genentech","1 DNA Way","South San Francisco","CA","94080","USA","0","Illumina HiSeq 4000","cDNA","transcriptomic","RNA-Seq","BioSample: https://www.ncbi.nlm.nih.gov/biosample/SAMN34586478","SRA: https://www.ncbi.nlm.nih.gov/sra?term=SRX20220693","ftp://ftp.ncbi.nlm.nih.gov/geo/samples/GSM7296nnn/GSM7296260/suppl/GSM7296260_IPF_5479_count.tsv.gz","idiopathic pulmonary fibrosis","lung"
"IPF_5480","IPF_5480","GSM7296261","Public on Jul 26 2023","May 04 2023","Jul 26 2023","SRA","1","lung","Homo sapiens","tissue: lung","disease state: idiopathic pulmonary fibrosis","total RNA","Lung tiusue were grinded in liquid nitrogen and total RNA was extracted using the Qiagen RNeasy kit.","Libraries were prepared using the Illumina TruSeq Stranded Total RNA Library Prep Kit.","9606","Sequencing reads were filtered and aligned using HTSeqGenie against the human genome assembly GRCh38.","Assembly: GRCh38","Supplementary files format and content: TSV count matrices","GPL20301","Jason,Anthony,Vander Heiden","vandej27@gene.com","Biological Research AI Development","Genentech","1 DNA Way","South San Francisco","CA","94080","USA","0","Illumina HiSeq 4000","cDNA","transcriptomic","RNA-Seq","BioSample: https://www.ncbi.nlm.nih.gov/biosample/SAMN34586477","SRA: https://www.ncbi.nlm.nih.gov/sra?term=SRX20220694","ftp://ftp.ncbi.nlm.nih.gov/geo/samples/GSM7296nnn/GSM7296261/suppl/GSM7296261_IPF_5480_count.tsv.gz","idiopathic pulmonary fibrosis","lung"
"IPF_5481","IPF_5481","GSM7296262","Public on Jul 26 2023","May 04 2023","Jul 26 2023","SRA","1","lung","Homo sapiens","tissue: lung","disease state: idiopathic pulmonary fibrosis","total RNA","Lung tiusue were grinded in liquid nitrogen and total RNA was extracted using the Qiagen RNeasy kit.","Libraries were prepared using the Illumina TruSeq Stranded Total RNA Library Prep Kit.","9606","Sequencing reads were filtered and aligned using HTSeqGenie against the human genome assembly GRCh38.","Assembly: GRCh38","Supplementary files format and content: TSV count matrices","GPL20301","Jason,Anthony,Vander Heiden","vandej27@gene.com","Biological Research AI Development","Genentech","1 DNA Way","South San Francisco","CA","94080","USA","0","Illumina HiSeq 4000","cDNA","transcriptomic","RNA-Seq","BioSample: https://www.ncbi.nlm.nih.gov/biosample/SAMN34586476","SRA: https://www.ncbi.nlm.nih.gov/sra?term=SRX20220695","ftp://ftp.ncbi.nlm.nih.gov/geo/samples/GSM7296nnn/GSM7296262/suppl/GSM7296262_IPF_5481_count.tsv.gz","idiopathic pulmonary fibrosis","lung"
"IPF_5482","IPF_5482","GSM7296263","Public on Jul 26 2023","May 04 2023","Jul 26 2023","SRA","1","lung","Homo sapiens","tissue: lung","disease state: idiopathic pulmonary fibrosis","total RNA","Lung tiusue were grinded in liquid nitrogen and total RNA was extracted using the Qiagen RNeasy kit.","Libraries were prepared using the Illumina TruSeq Stranded Total RNA Library Prep Kit.","9606","Sequencing reads were filtered and aligned using HTSeqGenie against the human genome assembly GRCh38.","Assembly: GRCh38","Supplementary files format and content: TSV count matrices","GPL20301","Jason,Anthony,Vander Heiden","vandej27@gene.com","Biological Research AI Development","Genentech","1 DNA Way","South San Francisco","CA","94080","USA","0","Illumina HiSeq 4000","cDNA","transcriptomic","RNA-Seq","BioSample: https://www.ncbi.nlm.nih.gov/biosample/SAMN34586475","SRA: https://www.ncbi.nlm.nih.gov/sra?term=SRX20220696","ftp://ftp.ncbi.nlm.nih.gov/geo/samples/GSM7296nnn/GSM7296263/suppl/GSM7296263_IPF_5482_count.tsv.gz","idiopathic pulmonary fibrosis","lung"
"IPF_5483","IPF_5483","GSM7296264","Public on Jul 26 2023","May 04 2023","Jul 26 2023","SRA","1","lung","Homo sapiens","tissue: lung","disease state: idiopathic pulmonary fibrosis","total RNA","Lung tiusue were grinded in liquid nitrogen and total RNA was extracted using the Qiagen RNeasy kit.","Libraries were prepared using the Illumina TruSeq Stranded Total RNA Library Prep Kit.","9606","Sequencing reads were filtered and aligned using HTSeqGenie against the human genome assembly GRCh38.","Assembly: GRCh38","Supplementary files format and content: TSV count matrices","GPL20301","Jason,Anthony,Vander Heiden","vandej27@gene.com","Biological Research AI Development","Genentech","1 DNA Way","South San Francisco","CA","94080","USA","0","Illumina HiSeq 4000","cDNA","transcriptomic","RNA-Seq","BioSample: https://www.ncbi.nlm.nih.gov/biosample/SAMN34586474","SRA: https://www.ncbi.nlm.nih.gov/sra?term=SRX20220697","ftp://ftp.ncbi.nlm.nih.gov/geo/samples/GSM7296nnn/GSM7296264/suppl/GSM7296264_IPF_5483_count.tsv.gz","idiopathic pulmonary fibrosis","lung"
"IPF_5484","IPF_5484","GSM7296265","Public on Jul 26 2023","May 04 2023","Jul 26 2023","SRA","1","lung","Homo sapiens","tissue: lung","disease state: idiopathic pulmonary fibrosis","total RNA","Lung tiusue were grinded in liquid nitrogen and total RNA was extracted using the Qiagen RNeasy kit.","Libraries were prepared using the Illumina TruSeq Stranded Total RNA Library Prep Kit.","9606","Sequencing reads were filtered and aligned using HTSeqGenie against the human genome assembly GRCh38.","Assembly: GRCh38","Supplementary files format and content: TSV count matrices","GPL20301","Jason,Anthony,Vander Heiden","vandej27@gene.com","Biological Research AI Development","Genentech","1 DNA Way","South San Francisco","CA","94080","USA","0","Illumina HiSeq 4000","cDNA","transcriptomic","RNA-Seq","BioSample: https://www.ncbi.nlm.nih.gov/biosample/SAMN34586473","SRA: https://www.ncbi.nlm.nih.gov/sra?term=SRX20220698","ftp://ftp.ncbi.nlm.nih.gov/geo/samples/GSM7296nnn/GSM7296265/suppl/GSM7296265_IPF_5484_count.tsv.gz","idiopathic pulmonary fibrosis","lung"
"IPF_5485","IPF_5485","GSM7296266","Public on Jul 26 2023","May 04 2023","Jul 26 2023","SRA","1","lung","Homo sapiens","tissue: lung","disease state: idiopathic pulmonary fibrosis","total RNA","Lung tiusue were grinded in liquid nitrogen and total RNA was extracted using the Qiagen RNeasy kit.","Libraries were prepared using the Illumina TruSeq Stranded Total RNA Library Prep Kit.","9606","Sequencing reads were filtered and aligned using HTSeqGenie against the human genome assembly GRCh38.","Assembly: GRCh38","Supplementary files format and content: TSV count matrices","GPL20301","Jason,Anthony,Vander Heiden","vandej27@gene.com","Biological Research AI Development","Genentech","1 DNA Way","South San Francisco","CA","94080","USA","0","Illumina HiSeq 4000","cDNA","transcriptomic","RNA-Seq","BioSample: https://www.ncbi.nlm.nih.gov/biosample/SAMN34586472","SRA: https://www.ncbi.nlm.nih.gov/sra?term=SRX20220699","ftp://ftp.ncbi.nlm.nih.gov/geo/samples/GSM7296nnn/GSM7296266/suppl/GSM7296266_IPF_5485_count.tsv.gz","idiopathic pulmonary fibrosis","lung"
"Normal_5446","Normal_5446","GSM7296267","Public on Jul 26 2023","May 04 2023","Jul 26 2023","SRA","1","lung","Homo sapiens","tissue: lung","disease state: normal","total RNA","Lung tiusue were grinded in liquid nitrogen and total RNA was extracted using the Qiagen RNeasy kit.","Libraries were prepared using the Illumina TruSeq Stranded Total RNA Library Prep Kit.","9606","Sequencing reads were filtered and aligned using HTSeqGenie against the human genome assembly GRCh38.","Assembly: GRCh38","Supplementary files format and content: TSV count matrices","GPL20301","Jason,Anthony,Vander Heiden","vandej27@gene.com","Biological Research AI Development","Genentech","1 DNA Way","South San Francisco","CA","94080","USA","0","Illumina HiSeq 4000","cDNA","transcriptomic","RNA-Seq","BioSample: https://www.ncbi.nlm.nih.gov/biosample/SAMN34586471","SRA: https://www.ncbi.nlm.nih.gov/sra?term=SRX20220700","ftp://ftp.ncbi.nlm.nih.gov/geo/samples/GSM7296nnn/GSM7296267/suppl/GSM7296267_Normal_5446_count.tsv.gz","normal","lung"
"Normal_5447","Normal_5447","GSM7296268","Public on Jul 26 2023","May 04 2023","Jul 26 2023","SRA","1","lung","Homo sapiens","tissue: lung","disease state: normal","total RNA","Lung tiusue were grinded in liquid nitrogen and total RNA was extracted using the Qiagen RNeasy kit.","Libraries were prepared using the Illumina TruSeq Stranded Total RNA Library Prep Kit.","9606","Sequencing reads were filtered and aligned using HTSeqGenie against the human genome assembly GRCh38.","Assembly: GRCh38","Supplementary files format and content: TSV count matrices","GPL20301","Jason,Anthony,Vander Heiden","vandej27@gene.com","Biological Research AI Development","Genentech","1 DNA Way","South San Francisco","CA","94080","USA","0","Illumina HiSeq 4000","cDNA","transcriptomic","RNA-Seq","BioSample: https://www.ncbi.nlm.nih.gov/biosample/SAMN34586470","SRA: https://www.ncbi.nlm.nih.gov/sra?term=SRX20220701","ftp://ftp.ncbi.nlm.nih.gov/geo/samples/GSM7296nnn/GSM7296268/suppl/GSM7296268_Normal_5447_count.tsv.gz","normal","lung"
"Normal_5448","Normal_5448","GSM7296269","Public on Jul 26 2023","May 04 2023","Jul 26 2023","SRA","1","lung","Homo sapiens","tissue: lung","disease state: normal","total RNA","Lung tiusue were grinded in liquid nitrogen and total RNA was extracted using the Qiagen RNeasy kit.","Libraries were prepared using the Illumina TruSeq Stranded Total RNA Library Prep Kit.","9606","Sequencing reads were filtered and aligned using HTSeqGenie against the human genome assembly GRCh38.","Assembly: GRCh38","Supplementary files format and content: TSV count matrices","GPL20301","Jason,Anthony,Vander Heiden","vandej27@gene.com","Biological Research AI Development","Genentech","1 DNA Way","South San Francisco","CA","94080","USA","0","Illumina HiSeq 4000","cDNA","transcriptomic","RNA-Seq","BioSample: https://www.ncbi.nlm.nih.gov/biosample/SAMN34586469","SRA: https://www.ncbi.nlm.nih.gov/sra?term=SRX20220702","ftp://ftp.ncbi.nlm.nih.gov/geo/samples/GSM7296nnn/GSM7296269/suppl/GSM7296269_Normal_5448_count.tsv.gz","normal","lung"
"Normal_5449","Normal_5449","GSM7296270","Public on Jul 26 2023","May 04 2023","Jul 26 2023","SRA","1","lung","Homo sapiens","tissue: lung","disease state: normal","total RNA","Lung tiusue were grinded in liquid nitrogen and total RNA was extracted using the Qiagen RNeasy kit.","Libraries were prepared using the Illumina TruSeq Stranded Total RNA Library Prep Kit.","9606","Sequencing reads were filtered and aligned using HTSeqGenie against the human genome assembly GRCh38.","Assembly: GRCh38","Supplementary files format and content: TSV count matrices","GPL20301","Jason,Anthony,Vander Heiden","vandej27@gene.com","Biological Research AI Development","Genentech","1 DNA Way","South San Francisco","CA","94080","USA","0","Illumina HiSeq 4000","cDNA","transcriptomic","RNA-Seq","BioSample: https://www.ncbi.nlm.nih.gov/biosample/SAMN34586468","SRA: https://www.ncbi.nlm.nih.gov/sra?term=SRX20220703","ftp://ftp.ncbi.nlm.nih.gov/geo/samples/GSM7296nnn/GSM7296270/suppl/GSM7296270_Normal_5449_count.tsv.gz","normal","lung"
"Normal_5450","Normal_5450","GSM7296271","Public on Jul 26 2023","May 04 2023","Jul 26 2023","SRA","1","lung","Homo sapiens","tissue: lung","disease state: normal","total RNA","Lung tiusue were grinded in liquid nitrogen and total RNA was extracted using the Qiagen RNeasy kit.","Libraries were prepared using the Illumina TruSeq Stranded Total RNA Library Prep Kit.","9606","Sequencing reads were filtered and aligned using HTSeqGenie against the human genome assembly GRCh38.","Assembly: GRCh38","Supplementary files format and content: TSV count matrices","GPL20301","Jason,Anthony,Vander Heiden","vandej27@gene.com","Biological Research AI Development","Genentech","1 DNA Way","South San Francisco","CA","94080","USA","0","Illumina HiSeq 4000","cDNA","transcriptomic","RNA-Seq","BioSample: https://www.ncbi.nlm.nih.gov/biosample/SAMN34586467","SRA: https://www.ncbi.nlm.nih.gov/sra?term=SRX20220704","ftp://ftp.ncbi.nlm.nih.gov/geo/samples/GSM7296nnn/GSM7296271/suppl/GSM7296271_Normal_5450_count.tsv.gz","normal","lung"
"Normal_5451","Normal_5451","GSM7296272","Public on Jul 26 2023","May 04 2023","Jul 26 2023","SRA","1","lung","Homo sapiens","tissue: lung","disease state: normal","total RNA","Lung tiusue were grinded in liquid nitrogen and total RNA was extracted using the Qiagen RNeasy kit.","Libraries were prepared using the Illumina TruSeq Stranded Total RNA Library Prep Kit.","9606","Sequencing reads were filtered and aligned using HTSeqGenie against the human genome assembly GRCh38.","Assembly: GRCh38","Supplementary files format and content: TSV count matrices","GPL20301","Jason,Anthony,Vander Heiden","vandej27@gene.com","Biological Research AI Development","Genentech","1 DNA Way","South San Francisco","CA","94080","USA","0","Illumina HiSeq 4000","cDNA","transcriptomic","RNA-Seq","BioSample: https://www.ncbi.nlm.nih.gov/biosample/SAMN34586466","SRA: https://www.ncbi.nlm.nih.gov/sra?term=SRX20220705","ftp://ftp.ncbi.nlm.nih.gov/geo/samples/GSM7296nnn/GSM7296272/suppl/GSM7296272_Normal_5451_count.tsv.gz","normal","lung"
"Normal_5452","Normal_5452","GSM7296273","Public on Jul 26 2023","May 04 2023","Jul 26 2023","SRA","1","lung","Homo sapiens","tissue: lung","disease state: normal","total RNA","Lung tiusue were grinded in liquid nitrogen and total RNA was extracted using the Qiagen RNeasy kit.","Libraries were prepared using the Illumina TruSeq Stranded Total RNA Library Prep Kit.","9606","Sequencing reads were filtered and aligned using HTSeqGenie against the human genome assembly GRCh38.","Assembly: GRCh38","Supplementary files format and content: TSV count matrices","GPL20301","Jason,Anthony,Vander Heiden","vandej27@gene.com","Biological Research AI Development","Genentech","1 DNA Way","South San Francisco","CA","94080","USA","0","Illumina HiSeq 4000","cDNA","transcriptomic","RNA-Seq","BioSample: https://www.ncbi.nlm.nih.gov/biosample/SAMN34586465","SRA: https://www.ncbi.nlm.nih.gov/sra?term=SRX20220706","ftp://ftp.ncbi.nlm.nih.gov/geo/samples/GSM7296nnn/GSM7296273/suppl/GSM7296273_Normal_5452_count.tsv.gz","normal","lung"
"Normal_5453","Normal_5453","GSM7296274","Public on Jul 26 2023","May 04 2023","Jul 26 2023","SRA","1","lung","Homo sapiens","tissue: lung","disease state: normal","total RNA","Lung tiusue were grinded in liquid nitrogen and total RNA was extracted using the Qiagen RNeasy kit.","Libraries were prepared using the Illumina TruSeq Stranded Total RNA Library Prep Kit.","9606","Sequencing reads were filtered and aligned using HTSeqGenie against the human genome assembly GRCh38.","Assembly: GRCh38","Supplementary files format and content: TSV count matrices","GPL20301","Jason,Anthony,Vander Heiden","vandej27@gene.com","Biological Research AI Development","Genentech","1 DNA Way","South San Francisco","CA","94080","USA","0","Illumina HiSeq 4000","cDNA","transcriptomic","RNA-Seq","BioSample: https://www.ncbi.nlm.nih.gov/biosample/SAMN34586464","SRA: https://www.ncbi.nlm.nih.gov/sra?term=SRX20220707","ftp://ftp.ncbi.nlm.nih.gov/geo/samples/GSM7296nnn/GSM7296274/suppl/GSM7296274_Normal_5453_count.tsv.gz","normal","lung"
"Normal_5454","Normal_5454","GSM7296275","Public on Jul 26 2023","May 04 2023","Jul 26 2023","SRA","1","lung","Homo sapiens","tissue: lung","disease state: normal","total RNA","Lung tiusue were grinded in liquid nitrogen and total RNA was extracted using the Qiagen RNeasy kit.","Libraries were prepared using the Illumina TruSeq Stranded Total RNA Library Prep Kit.","9606","Sequencing reads were filtered and aligned using HTSeqGenie against the human genome assembly GRCh38.","Assembly: GRCh38","Supplementary files format and content: TSV count matrices","GPL20301","Jason,Anthony,Vander Heiden","vandej27@gene.com","Biological Research AI Development","Genentech","1 DNA Way","South San Francisco","CA","94080","USA","0","Illumina HiSeq 4000","cDNA","transcriptomic","RNA-Seq","BioSample: https://www.ncbi.nlm.nih.gov/biosample/SAMN34586463","SRA: https://www.ncbi.nlm.nih.gov/sra?term=SRX20220708","ftp://ftp.ncbi.nlm.nih.gov/geo/samples/GSM7296nnn/GSM7296275/suppl/GSM7296275_Normal_5454_count.tsv.gz","normal","lung"
"Normal_5455","Normal_5455","GSM7296276","Public on Jul 26 2023","May 04 2023","Jul 26 2023","SRA","1","lung","Homo sapiens","tissue: lung","disease state: normal","total RNA","Lung tiusue were grinded in liquid nitrogen and total RNA was extracted using the Qiagen RNeasy kit.","Libraries were prepared using the Illumina TruSeq Stranded Total RNA Library Prep Kit.","9606","Sequencing reads were filtered and aligned using HTSeqGenie against the human genome assembly GRCh38.","Assembly: GRCh38","Supplementary files format and content: TSV count matrices","GPL20301","Jason,Anthony,Vander Heiden","vandej27@gene.com","Biological Research AI Development","Genentech","1 DNA Way","South San Francisco","CA","94080","USA","0","Illumina HiSeq 4000","cDNA","transcriptomic","RNA-Seq","BioSample: https://www.ncbi.nlm.nih.gov/biosample/SAMN34586462","SRA: https://www.ncbi.nlm.nih.gov/sra?term=SRX20220709","ftp://ftp.ncbi.nlm.nih.gov/geo/samples/GSM7296nnn/GSM7296276/suppl/GSM7296276_Normal_5455_count.tsv.gz","normal","lung"
"Normal_5456","Normal_5456","GSM7296277","Public on Jul 26 2023","May 04 2023","Jul 26 2023","SRA","1","lung","Homo sapiens","tissue: lung","disease state: normal","total RNA","Lung tiusue were grinded in liquid nitrogen and total RNA was extracted using the Qiagen RNeasy kit.","Libraries were prepared using the Illumina TruSeq Stranded Total RNA Library Prep Kit.","9606","Sequencing reads were filtered and aligned using HTSeqGenie against the human genome assembly GRCh38.","Assembly: GRCh38","Supplementary files format and content: TSV count matrices","GPL20301","Jason,Anthony,Vander Heiden","vandej27@gene.com","Biological Research AI Development","Genentech","1 DNA Way","South San Francisco","CA","94080","USA","0","Illumina HiSeq 4000","cDNA","transcriptomic","RNA-Seq","BioSample: https://www.ncbi.nlm.nih.gov/biosample/SAMN34586461","SRA: https://www.ncbi.nlm.nih.gov/sra?term=SRX20220710","ftp://ftp.ncbi.nlm.nih.gov/geo/samples/GSM7296nnn/GSM7296277/suppl/GSM7296277_Normal_5456_count.tsv.gz","normal","lung"
"Normal_5457","Normal_5457","GSM7296278","Public on Jul 26 2023","May 04 2023","Jul 26 2023","SRA","1","lung","Homo sapiens","tissue: lung","disease state: normal","total RNA","Lung tiusue were grinded in liquid nitrogen and total RNA was extracted using the Qiagen RNeasy kit.","Libraries were prepared using the Illumina TruSeq Stranded Total RNA Library Prep Kit.","9606","Sequencing reads were filtered and aligned using HTSeqGenie against the human genome assembly GRCh38.","Assembly: GRCh38","Supplementary files format and content: TSV count matrices","GPL20301","Jason,Anthony,Vander Heiden","vandej27@gene.com","Biological Research AI Development","Genentech","1 DNA Way","South San Francisco","CA","94080","USA","0","Illumina HiSeq 4000","cDNA","transcriptomic","RNA-Seq","BioSample: https://www.ncbi.nlm.nih.gov/biosample/SAMN34586460","SRA: https://www.ncbi.nlm.nih.gov/sra?term=SRX20220711","ftp://ftp.ncbi.nlm.nih.gov/geo/samples/GSM7296nnn/GSM7296278/suppl/GSM7296278_Normal_5457_count.tsv.gz","normal","lung"
"Normal_5458","Normal_5458","GSM7296279","Public on Jul 26 2023","May 04 2023","Jul 26 2023","SRA","1","lung","Homo sapiens","tissue: lung","disease state: normal","total RNA","Lung tiusue were grinded in liquid nitrogen and total RNA was extracted using the Qiagen RNeasy kit.","Libraries were prepared using the Illumina TruSeq Stranded Total RNA Library Prep Kit.","9606","Sequencing reads were filtered and aligned using HTSeqGenie against the human genome assembly GRCh38.","Assembly: GRCh38","Supplementary files format and content: TSV count matrices","GPL20301","Jason,Anthony,Vander Heiden","vandej27@gene.com","Biological Research AI Development","Genentech","1 DNA Way","South San Francisco","CA","94080","USA","0","Illumina HiSeq 4000","cDNA","transcriptomic","RNA-Seq","BioSample: https://www.ncbi.nlm.nih.gov/biosample/SAMN34586459","SRA: https://www.ncbi.nlm.nih.gov/sra?term=SRX20220712","ftp://ftp.ncbi.nlm.nih.gov/geo/samples/GSM7296nnn/GSM7296279/suppl/GSM7296279_Normal_5458_count.tsv.gz","normal","lung"
"Normal_5459","Normal_5459","GSM7296280","Public on Jul 26 2023","May 04 2023","Jul 26 2023","SRA","1","lung","Homo sapiens","tissue: lung","disease state: normal","total RNA","Lung tiusue were grinded in liquid nitrogen and total RNA was extracted using the Qiagen RNeasy kit.","Libraries were prepared using the Illumina TruSeq Stranded Total RNA Library Prep Kit.","9606","Sequencing reads were filtered and aligned using HTSeqGenie against the human genome assembly GRCh38.","Assembly: GRCh38","Supplementary files format and content: TSV count matrices","GPL20301","Jason,Anthony,Vander Heiden","vandej27@gene.com","Biological Research AI Development","Genentech","1 DNA Way","South San Francisco","CA","94080","USA","0","Illumina HiSeq 4000","cDNA","transcriptomic","RNA-Seq","BioSample: https://www.ncbi.nlm.nih.gov/biosample/SAMN34586458","SRA: https://www.ncbi.nlm.nih.gov/sra?term=SRX20220713","ftp://ftp.ncbi.nlm.nih.gov/geo/samples/GSM7296nnn/GSM7296280/suppl/GSM7296280_Normal_5459_count.tsv.gz","normal","lung"
"Normal_5460","Normal_5460","GSM7296281","Public on Jul 26 2023","May 04 2023","Jul 26 2023","SRA","1","lung","Homo sapiens","tissue: lung","disease state: normal","total RNA","Lung tiusue were grinded in liquid nitrogen and total RNA was extracted using the Qiagen RNeasy kit.","Libraries were prepared using the Illumina TruSeq Stranded Total RNA Library Prep Kit.","9606","Sequencing reads were filtered and aligned using HTSeqGenie against the human genome assembly GRCh38.","Assembly: GRCh38","Supplementary files format and content: TSV count matrices","GPL20301","Jason,Anthony,Vander Heiden","vandej27@gene.com","Biological Research AI Development","Genentech","1 DNA Way","South San Francisco","CA","94080","USA","0","Illumina HiSeq 4000","cDNA","transcriptomic","RNA-Seq","BioSample: https://www.ncbi.nlm.nih.gov/biosample/SAMN34586457","SRA: https://www.ncbi.nlm.nih.gov/sra?term=SRX20220714","ftp://ftp.ncbi.nlm.nih.gov/geo/samples/GSM7296nnn/GSM7296281/suppl/GSM7296281_Normal_5460_count.tsv.gz","normal","lung"
"Normal_5461","Normal_5461","GSM7296282","Public on Jul 26 2023","May 04 2023","Jul 26 2023","SRA","1","lung","Homo sapiens","tissue: lung","disease state: normal","total RNA","Lung tiusue were grinded in liquid nitrogen and total RNA was extracted using the Qiagen RNeasy kit.","Libraries were prepared using the Illumina TruSeq Stranded Total RNA Library Prep Kit.","9606","Sequencing reads were filtered and aligned using HTSeqGenie against the human genome assembly GRCh38.","Assembly: GRCh38","Supplementary files format and content: TSV count matrices","GPL20301","Jason,Anthony,Vander Heiden","vandej27@gene.com","Biological Research AI Development","Genentech","1 DNA Way","South San Francisco","CA","94080","USA","0","Illumina HiSeq 4000","cDNA","transcriptomic","RNA-Seq","BioSample: https://www.ncbi.nlm.nih.gov/biosample/SAMN34586456","SRA: https://www.ncbi.nlm.nih.gov/sra?term=SRX20220715","ftp://ftp.ncbi.nlm.nih.gov/geo/samples/GSM7296nnn/GSM7296282/suppl/GSM7296282_Normal_5461_count.tsv.gz","normal","lung"
"Normal_5462","Normal_5462","GSM7296283","Public on Jul 26 2023","May 04 2023","Jul 26 2023","SRA","1","lung","Homo sapiens","tissue: lung","disease state: normal","total RNA","Lung tiusue were grinded in liquid nitrogen and total RNA was extracted using the Qiagen RNeasy kit.","Libraries were prepared using the Illumina TruSeq Stranded Total RNA Library Prep Kit.","9606","Sequencing reads were filtered and aligned using HTSeqGenie against the human genome assembly GRCh38.","Assembly: GRCh38","Supplementary files format and content: TSV count matrices","GPL20301","Jason,Anthony,Vander Heiden","vandej27@gene.com","Biological Research AI Development","Genentech","1 DNA Way","South San Francisco","CA","94080","USA","0","Illumina HiSeq 4000","cDNA","transcriptomic","RNA-Seq","BioSample: https://www.ncbi.nlm.nih.gov/biosample/SAMN34586455","SRA: https://www.ncbi.nlm.nih.gov/sra?term=SRX20220716","ftp://ftp.ncbi.nlm.nih.gov/geo/samples/GSM7296nnn/GSM7296283/suppl/GSM7296283_Normal_5462_count.tsv.gz","normal","lung"
"Normal_5463","Normal_5463","GSM7296284","Public on Jul 26 2023","May 04 2023","Jul 26 2023","SRA","1","lung","Homo sapiens","tissue: lung","disease state: normal","total RNA","Lung tiusue were grinded in liquid nitrogen and total RNA was extracted using the Qiagen RNeasy kit.","Libraries were prepared using the Illumina TruSeq Stranded Total RNA Library Prep Kit.","9606","Sequencing reads were filtered and aligned using HTSeqGenie against the human genome assembly GRCh38.","Assembly: GRCh38","Supplementary files format and content: TSV count matrices","GPL20301","Jason,Anthony,Vander Heiden","vandej27@gene.com","Biological Research AI Development","Genentech","1 DNA Way","South San Francisco","CA","94080","USA","0","Illumina HiSeq 4000","cDNA","transcriptomic","RNA-Seq","BioSample: https://www.ncbi.nlm.nih.gov/biosample/SAMN34586454","SRA: https://www.ncbi.nlm.nih.gov/sra?term=SRX20220717","ftp://ftp.ncbi.nlm.nih.gov/geo/samples/GSM7296nnn/GSM7296284/suppl/GSM7296284_Normal_5463_count.tsv.gz","normal","lung"
"Normal_5464","Normal_5464","GSM7296285","Public on Jul 26 2023","May 04 2023","Jul 26 2023","SRA","1","lung","Homo sapiens","tissue: lung","disease state: normal","total RNA","Lung tiusue were grinded in liquid nitrogen and total RNA was extracted using the Qiagen RNeasy kit.","Libraries were prepared using the Illumina TruSeq Stranded Total RNA Library Prep Kit.","9606","Sequencing reads were filtered and aligned using HTSeqGenie against the human genome assembly GRCh38.","Assembly: GRCh38","Supplementary files format and content: TSV count matrices","GPL20301","Jason,Anthony,Vander Heiden","vandej27@gene.com","Biological Research AI Development","Genentech","1 DNA Way","South San Francisco","CA","94080","USA","0","Illumina HiSeq 4000","cDNA","transcriptomic","RNA-Seq","BioSample: https://www.ncbi.nlm.nih.gov/biosample/SAMN34586453","SRA: https://www.ncbi.nlm.nih.gov/sra?term=SRX20220718","ftp://ftp.ncbi.nlm.nih.gov/geo/samples/GSM7296nnn/GSM7296285/suppl/GSM7296285_Normal_5464_count.tsv.gz","normal","lung"
"Normal_5465","Normal_5465","GSM7296286","Public on Jul 26 2023","May 04 2023","Jul 26 2023","SRA","1","lung","Homo sapiens","tissue: lung","disease state: normal","total RNA","Lung tiusue were grinded in liquid nitrogen and total RNA was extracted using the Qiagen RNeasy kit.","Libraries were prepared using the Illumina TruSeq Stranded Total RNA Library Prep Kit.","9606","Sequencing reads were filtered and aligned using HTSeqGenie against the human genome assembly GRCh38.","Assembly: GRCh38","Supplementary files format and content: TSV count matrices","GPL20301","Jason,Anthony,Vander Heiden","vandej27@gene.com","Biological Research AI Development","Genentech","1 DNA Way","South San Francisco","CA","94080","USA","0","Illumina HiSeq 4000","cDNA","transcriptomic","RNA-Seq","BioSample: https://www.ncbi.nlm.nih.gov/biosample/SAMN34586452","SRA: https://www.ncbi.nlm.nih.gov/sra?term=SRX20220719","ftp://ftp.ncbi.nlm.nih.gov/geo/samples/GSM7296nnn/GSM7296286/suppl/GSM7296286_Normal_5465_count.tsv.gz","normal","lung"
"SSc_5426","SSc_5426","GSM7296287","Public on Jul 26 2023","May 04 2023","Jul 26 2023","SRA","1","lung","Homo sapiens","tissue: lung","disease state: systemic sclerosis","total RNA","Lung tiusue were grinded in liquid nitrogen and total RNA was extracted using the Qiagen RNeasy kit.","Libraries were prepared using the Illumina TruSeq Stranded Total RNA Library Prep Kit.","9606","Sequencing reads were filtered and aligned using HTSeqGenie against the human genome assembly GRCh38.","Assembly: GRCh38","Supplementary files format and content: TSV count matrices","GPL20301","Jason,Anthony,Vander Heiden","vandej27@gene.com","Biological Research AI Development","Genentech","1 DNA Way","South San Francisco","CA","94080","USA","0","Illumina HiSeq 4000","cDNA","transcriptomic","RNA-Seq","BioSample: https://www.ncbi.nlm.nih.gov/biosample/SAMN34586451","SRA: https://www.ncbi.nlm.nih.gov/sra?term=SRX20220720","ftp://ftp.ncbi.nlm.nih.gov/geo/samples/GSM7296nnn/GSM7296287/suppl/GSM7296287_SSc_5426_count.tsv.gz","systemic sclerosis","lung"
"SSc_5427","SSc_5427","GSM7296288","Public on Jul 26 2023","May 04 2023","Jul 26 2023","SRA","1","lung","Homo sapiens","tissue: lung","disease state: systemic sclerosis","total RNA","Lung tiusue were grinded in liquid nitrogen and total RNA was extracted using the Qiagen RNeasy kit.","Libraries were prepared using the Illumina TruSeq Stranded Total RNA Library Prep Kit.","9606","Sequencing reads were filtered and aligned using HTSeqGenie against the human genome assembly GRCh38.","Assembly: GRCh38","Supplementary files format and content: TSV count matrices","GPL20301","Jason,Anthony,Vander Heiden","vandej27@gene.com","Biological Research AI Development","Genentech","1 DNA Way","South San Francisco","CA","94080","USA","0","Illumina HiSeq 4000","cDNA","transcriptomic","RNA-Seq","BioSample: https://www.ncbi.nlm.nih.gov/biosample/SAMN34586450","SRA: https://www.ncbi.nlm.nih.gov/sra?term=SRX20220721","ftp://ftp.ncbi.nlm.nih.gov/geo/samples/GSM7296nnn/GSM7296288/suppl/GSM7296288_SSc_5427_count.tsv.gz","systemic sclerosis","lung"
"SSc_5428","SSc_5428","GSM7296289","Public on Jul 26 2023","May 04 2023","Jul 26 2023","SRA","1","lung","Homo sapiens","tissue: lung","disease state: systemic sclerosis","total RNA","Lung tiusue were grinded in liquid nitrogen and total RNA was extracted using the Qiagen RNeasy kit.","Libraries were prepared using the Illumina TruSeq Stranded Total RNA Library Prep Kit.","9606","Sequencing reads were filtered and aligned using HTSeqGenie against the human genome assembly GRCh38.","Assembly: GRCh38","Supplementary files format and content: TSV count matrices","GPL20301","Jason,Anthony,Vander Heiden","vandej27@gene.com","Biological Research AI Development","Genentech","1 DNA Way","South San Francisco","CA","94080","USA","0","Illumina HiSeq 4000","cDNA","transcriptomic","RNA-Seq","BioSample: https://www.ncbi.nlm.nih.gov/biosample/SAMN34586449","SRA: https://www.ncbi.nlm.nih.gov/sra?term=SRX20220722","ftp://ftp.ncbi.nlm.nih.gov/geo/samples/GSM7296nnn/GSM7296289/suppl/GSM7296289_SSc_5428_count.tsv.gz","systemic sclerosis","lung"
"SSc_5429","SSc_5429","GSM7296290","Public on Jul 26 2023","May 04 2023","Jul 26 2023","SRA","1","lung","Homo sapiens","tissue: lung","disease state: systemic sclerosis","total RNA","Lung tiusue were grinded in liquid nitrogen and total RNA was extracted using the Qiagen RNeasy kit.","Libraries were prepared using the Illumina TruSeq Stranded Total RNA Library Prep Kit.","9606","Sequencing reads were filtered and aligned using HTSeqGenie against the human genome assembly GRCh38.","Assembly: GRCh38","Supplementary files format and content: TSV count matrices","GPL20301","Jason,Anthony,Vander Heiden","vandej27@gene.com","Biological Research AI Development","Genentech","1 DNA Way","South San Francisco","CA","94080","USA","0","Illumina HiSeq 4000","cDNA","transcriptomic","RNA-Seq","BioSample: https://www.ncbi.nlm.nih.gov/biosample/SAMN34586448","SRA: https://www.ncbi.nlm.nih.gov/sra?term=SRX20220723","ftp://ftp.ncbi.nlm.nih.gov/geo/samples/GSM7296nnn/GSM7296290/suppl/GSM7296290_SSc_5429_count.tsv.gz","systemic sclerosis","lung"
"SSc_5430","SSc_5430","GSM7296291","Public on Jul 26 2023","May 04 2023","Jul 26 2023","SRA","1","lung","Homo sapiens","tissue: lung","disease state: systemic sclerosis","total RNA","Lung tiusue were grinded in liquid nitrogen and total RNA was extracted using the Qiagen RNeasy kit.","Libraries were prepared using the Illumina TruSeq Stranded Total RNA Library Prep Kit.","9606","Sequencing reads were filtered and aligned using HTSeqGenie against the human genome assembly GRCh38.","Assembly: GRCh38","Supplementary files format and content: TSV count matrices","GPL20301","Jason,Anthony,Vander Heiden","vandej27@gene.com","Biological Research AI Development","Genentech","1 DNA Way","South San Francisco","CA","94080","USA","0","Illumina HiSeq 4000","cDNA","transcriptomic","RNA-Seq","BioSample: https://www.ncbi.nlm.nih.gov/biosample/SAMN34586447","SRA: https://www.ncbi.nlm.nih.gov/sra?term=SRX20220724","ftp://ftp.ncbi.nlm.nih.gov/geo/samples/GSM7296nnn/GSM7296291/suppl/GSM7296291_SSc_5430_count.tsv.gz","systemic sclerosis","lung"
"SSc_5431","SSc_5431","GSM7296292","Public on Jul 26 2023","May 04 2023","Jul 26 2023","SRA","1","lung","Homo sapiens","tissue: lung","disease state: systemic sclerosis","total RNA","Lung tiusue were grinded in liquid nitrogen and total RNA was extracted using the Qiagen RNeasy kit.","Libraries were prepared using the Illumina TruSeq Stranded Total RNA Library Prep Kit.","9606","Sequencing reads were filtered and aligned using HTSeqGenie against the human genome assembly GRCh38.","Assembly: GRCh38","Supplementary files format and content: TSV count matrices","GPL20301","Jason,Anthony,Vander Heiden","vandej27@gene.com","Biological Research AI Development","Genentech","1 DNA Way","South San Francisco","CA","94080","USA","0","Illumina HiSeq 4000","cDNA","transcriptomic","RNA-Seq","BioSample: https://www.ncbi.nlm.nih.gov/biosample/SAMN34586446","SRA: https://www.ncbi.nlm.nih.gov/sra?term=SRX20220725","ftp://ftp.ncbi.nlm.nih.gov/geo/samples/GSM7296nnn/GSM7296292/suppl/GSM7296292_SSc_5431_count.tsv.gz","systemic sclerosis","lung"
"SSc_5432","SSc_5432","GSM7296293","Public on Jul 26 2023","May 04 2023","Jul 26 2023","SRA","1","lung","Homo sapiens","tissue: lung","disease state: systemic sclerosis","total RNA","Lung tiusue were grinded in liquid nitrogen and total RNA was extracted using the Qiagen RNeasy kit.","Libraries were prepared using the Illumina TruSeq Stranded Total RNA Library Prep Kit.","9606","Sequencing reads were filtered and aligned using HTSeqGenie against the human genome assembly GRCh38.","Assembly: GRCh38","Supplementary files format and content: TSV count matrices","GPL20301","Jason,Anthony,Vander Heiden","vandej27@gene.com","Biological Research AI Development","Genentech","1 DNA Way","South San Francisco","CA","94080","USA","0","Illumina HiSeq 4000","cDNA","transcriptomic","RNA-Seq","BioSample: https://www.ncbi.nlm.nih.gov/biosample/SAMN34586445","SRA: https://www.ncbi.nlm.nih.gov/sra?term=SRX20220726","ftp://ftp.ncbi.nlm.nih.gov/geo/samples/GSM7296nnn/GSM7296293/suppl/GSM7296293_SSc_5432_count.tsv.gz","systemic sclerosis","lung"
"SSc_5433","SSc_5433","GSM7296294","Public on Jul 26 2023","May 04 2023","Jul 26 2023","SRA","1","lung","Homo sapiens","tissue: lung","disease state: systemic sclerosis","total RNA","Lung tiusue were grinded in liquid nitrogen and total RNA was extracted using the Qiagen RNeasy kit.","Libraries were prepared using the Illumina TruSeq Stranded Total RNA Library Prep Kit.","9606","Sequencing reads were filtered and aligned using HTSeqGenie against the human genome assembly GRCh38.","Assembly: GRCh38","Supplementary files format and content: TSV count matrices","GPL20301","Jason,Anthony,Vander Heiden","vandej27@gene.com","Biological Research AI Development","Genentech","1 DNA Way","South San Francisco","CA","94080","USA","0","Illumina HiSeq 4000","cDNA","transcriptomic","RNA-Seq","BioSample: https://www.ncbi.nlm.nih.gov/biosample/SAMN34586444","SRA: https://www.ncbi.nlm.nih.gov/sra?term=SRX20220727","ftp://ftp.ncbi.nlm.nih.gov/geo/samples/GSM7296nnn/GSM7296294/suppl/GSM7296294_SSc_5433_count.tsv.gz","systemic sclerosis","lung"
"SSc_5434","SSc_5434","GSM7296295","Public on Jul 26 2023","May 04 2023","Jul 26 2023","SRA","1","lung","Homo sapiens","tissue: lung","disease state: systemic sclerosis","total RNA","Lung tiusue were grinded in liquid nitrogen and total RNA was extracted using the Qiagen RNeasy kit.","Libraries were prepared using the Illumina TruSeq Stranded Total RNA Library Prep Kit.","9606","Sequencing reads were filtered and aligned using HTSeqGenie against the human genome assembly GRCh38.","Assembly: GRCh38","Supplementary files format and content: TSV count matrices","GPL20301","Jason,Anthony,Vander Heiden","vandej27@gene.com","Biological Research AI Development","Genentech","1 DNA Way","South San Francisco","CA","94080","USA","0","Illumina HiSeq 4000","cDNA","transcriptomic","RNA-Seq","BioSample: https://www.ncbi.nlm.nih.gov/biosample/SAMN34586443","SRA: https://www.ncbi.nlm.nih.gov/sra?term=SRX20220728","ftp://ftp.ncbi.nlm.nih.gov/geo/samples/GSM7296nnn/GSM7296295/suppl/GSM7296295_SSc_5434_count.tsv.gz","systemic sclerosis","lung"
"SSc_5435","SSc_5435","GSM7296296","Public on Jul 26 2023","May 04 2023","Jul 26 2023","SRA","1","lung","Homo sapiens","tissue: lung","disease state: systemic sclerosis","total RNA","Lung tiusue were grinded in liquid nitrogen and total RNA was extracted using the Qiagen RNeasy kit.","Libraries were prepared using the Illumina TruSeq Stranded Total RNA Library Prep Kit.","9606","Sequencing reads were filtered and aligned using HTSeqGenie against the human genome assembly GRCh38.","Assembly: GRCh38","Supplementary files format and content: TSV count matrices","GPL20301","Jason,Anthony,Vander Heiden","vandej27@gene.com","Biological Research AI Development","Genentech","1 DNA Way","South San Francisco","CA","94080","USA","0","Illumina HiSeq 4000","cDNA","transcriptomic","RNA-Seq","BioSample: https://www.ncbi.nlm.nih.gov/biosample/SAMN34586442","SRA: https://www.ncbi.nlm.nih.gov/sra?term=SRX20220729","ftp://ftp.ncbi.nlm.nih.gov/geo/samples/GSM7296nnn/GSM7296296/suppl/GSM7296296_SSc_5435_count.tsv.gz","systemic sclerosis","lung"
"SSc_5436","SSc_5436","GSM7296297","Public on Jul 26 2023","May 04 2023","Jul 26 2023","SRA","1","lung","Homo sapiens","tissue: lung","disease state: systemic sclerosis","total RNA","Lung tiusue were grinded in liquid nitrogen and total RNA was extracted using the Qiagen RNeasy kit.","Libraries were prepared using the Illumina TruSeq Stranded Total RNA Library Prep Kit.","9606","Sequencing reads were filtered and aligned using HTSeqGenie against the human genome assembly GRCh38.","Assembly: GRCh38","Supplementary files format and content: TSV count matrices","GPL20301","Jason,Anthony,Vander Heiden","vandej27@gene.com","Biological Research AI Development","Genentech","1 DNA Way","South San Francisco","CA","94080","USA","0","Illumina HiSeq 4000","cDNA","transcriptomic","RNA-Seq","BioSample: https://www.ncbi.nlm.nih.gov/biosample/SAMN34586441","SRA: https://www.ncbi.nlm.nih.gov/sra?term=SRX20220730","ftp://ftp.ncbi.nlm.nih.gov/geo/samples/GSM7296nnn/GSM7296297/suppl/GSM7296297_SSc_5436_count.tsv.gz","systemic sclerosis","lung"
"SSc_5437","SSc_5437","GSM7296298","Public on Jul 26 2023","May 04 2023","Jul 26 2023","SRA","1","lung","Homo sapiens","tissue: lung","disease state: systemic sclerosis","total RNA","Lung tiusue were grinded in liquid nitrogen and total RNA was extracted using the Qiagen RNeasy kit.","Libraries were prepared using the Illumina TruSeq Stranded Total RNA Library Prep Kit.","9606","Sequencing reads were filtered and aligned using HTSeqGenie against the human genome assembly GRCh38.","Assembly: GRCh38","Supplementary files format and content: TSV count matrices","GPL20301","Jason,Anthony,Vander Heiden","vandej27@gene.com","Biological Research AI Development","Genentech","1 DNA Way","South San Francisco","CA","94080","USA","0","Illumina HiSeq 4000","cDNA","transcriptomic","RNA-Seq","BioSample: https://www.ncbi.nlm.nih.gov/biosample/SAMN34586440","SRA: https://www.ncbi.nlm.nih.gov/sra?term=SRX20220731","ftp://ftp.ncbi.nlm.nih.gov/geo/samples/GSM7296nnn/GSM7296298/suppl/GSM7296298_SSc_5437_count.tsv.gz","systemic sclerosis","lung"
"SSc_5438","SSc_5438","GSM7296299","Public on Jul 26 2023","May 04 2023","Jul 26 2023","SRA","1","lung","Homo sapiens","tissue: lung","disease state: systemic sclerosis","total RNA","Lung tiusue were grinded in liquid nitrogen and total RNA was extracted using the Qiagen RNeasy kit.","Libraries were prepared using the Illumina TruSeq Stranded Total RNA Library Prep Kit.","9606","Sequencing reads were filtered and aligned using HTSeqGenie against the human genome assembly GRCh38.","Assembly: GRCh38","Supplementary files format and content: TSV count matrices","GPL20301","Jason,Anthony,Vander Heiden","vandej27@gene.com","Biological Research AI Development","Genentech","1 DNA Way","South San Francisco","CA","94080","USA","0","Illumina HiSeq 4000","cDNA","transcriptomic","RNA-Seq","BioSample: https://www.ncbi.nlm.nih.gov/biosample/SAMN34586439","SRA: https://www.ncbi.nlm.nih.gov/sra?term=SRX20220732","ftp://ftp.ncbi.nlm.nih.gov/geo/samples/GSM7296nnn/GSM7296299/suppl/GSM7296299_SSc_5438_count.tsv.gz","systemic sclerosis","lung"
"SSc_5439","SSc_5439","GSM7296300","Public on Jul 26 2023","May 04 2023","Jul 26 2023","SRA","1","lung","Homo sapiens","tissue: lung","disease state: systemic sclerosis","total RNA","Lung tiusue were grinded in liquid nitrogen and total RNA was extracted using the Qiagen RNeasy kit.","Libraries were prepared using the Illumina TruSeq Stranded Total RNA Library Prep Kit.","9606","Sequencing reads were filtered and aligned using HTSeqGenie against the human genome assembly GRCh38.","Assembly: GRCh38","Supplementary files format and content: TSV count matrices","GPL20301","Jason,Anthony,Vander Heiden","vandej27@gene.com","Biological Research AI Development","Genentech","1 DNA Way","South San Francisco","CA","94080","USA","0","Illumina HiSeq 4000","cDNA","transcriptomic","RNA-Seq","BioSample: https://www.ncbi.nlm.nih.gov/biosample/SAMN34586438","SRA: https://www.ncbi.nlm.nih.gov/sra?term=SRX20220733","ftp://ftp.ncbi.nlm.nih.gov/geo/samples/GSM7296nnn/GSM7296300/suppl/GSM7296300_SSc_5439_count.tsv.gz","systemic sclerosis","lung"
"SSc_5440","SSc_5440","GSM7296301","Public on Jul 26 2023","May 04 2023","Jul 26 2023","SRA","1","lung","Homo sapiens","tissue: lung","disease state: systemic sclerosis","total RNA","Lung tiusue were grinded in liquid nitrogen and total RNA was extracted using the Qiagen RNeasy kit.","Libraries were prepared using the Illumina TruSeq Stranded Total RNA Library Prep Kit.","9606","Sequencing reads were filtered and aligned using HTSeqGenie against the human genome assembly GRCh38.","Assembly: GRCh38","Supplementary files format and content: TSV count matrices","GPL20301","Jason,Anthony,Vander Heiden","vandej27@gene.com","Biological Research AI Development","Genentech","1 DNA Way","South San Francisco","CA","94080","USA","0","Illumina HiSeq 4000","cDNA","transcriptomic","RNA-Seq","BioSample: https://www.ncbi.nlm.nih.gov/biosample/SAMN34586437","SRA: https://www.ncbi.nlm.nih.gov/sra?term=SRX20220734","ftp://ftp.ncbi.nlm.nih.gov/geo/samples/GSM7296nnn/GSM7296301/suppl/GSM7296301_SSc_5440_count.tsv.gz","systemic sclerosis","lung"
"SSc_5441","SSc_5441","GSM7296302","Public on Jul 26 2023","May 04 2023","Jul 26 2023","SRA","1","lung","Homo sapiens","tissue: lung","disease state: systemic sclerosis","total RNA","Lung tiusue were grinded in liquid nitrogen and total RNA was extracted using the Qiagen RNeasy kit.","Libraries were prepared using the Illumina TruSeq Stranded Total RNA Library Prep Kit.","9606","Sequencing reads were filtered and aligned using HTSeqGenie against the human genome assembly GRCh38.","Assembly: GRCh38","Supplementary files format and content: TSV count matrices","GPL20301","Jason,Anthony,Vander Heiden","vandej27@gene.com","Biological Research AI Development","Genentech","1 DNA Way","South San Francisco","CA","94080","USA","0","Illumina HiSeq 4000","cDNA","transcriptomic","RNA-Seq","BioSample: https://www.ncbi.nlm.nih.gov/biosample/SAMN34586436","SRA: https://www.ncbi.nlm.nih.gov/sra?term=SRX20220735","ftp://ftp.ncbi.nlm.nih.gov/geo/samples/GSM7296nnn/GSM7296302/suppl/GSM7296302_SSc_5441_count.tsv.gz","systemic sclerosis","lung"
"SSc_5442","SSc_5442","GSM7296303","Public on Jul 26 2023","May 04 2023","Jul 26 2023","SRA","1","lung","Homo sapiens","tissue: lung","disease state: systemic sclerosis","total RNA","Lung tiusue were grinded in liquid nitrogen and total RNA was extracted using the Qiagen RNeasy kit.","Libraries were prepared using the Illumina TruSeq Stranded Total RNA Library Prep Kit.","9606","Sequencing reads were filtered and aligned using HTSeqGenie against the human genome assembly GRCh38.","Assembly: GRCh38","Supplementary files format and content: TSV count matrices","GPL20301","Jason,Anthony,Vander Heiden","vandej27@gene.com","Biological Research AI Development","Genentech","1 DNA Way","South San Francisco","CA","94080","USA","0","Illumina HiSeq 4000","cDNA","transcriptomic","RNA-Seq","BioSample: https://www.ncbi.nlm.nih.gov/biosample/SAMN34586435","SRA: https://www.ncbi.nlm.nih.gov/sra?term=SRX20220736","ftp://ftp.ncbi.nlm.nih.gov/geo/samples/GSM7296nnn/GSM7296303/suppl/GSM7296303_SSc_5442_count.tsv.gz","systemic sclerosis","lung"
"SSc_5443","SSc_5443","GSM7296304","Public on Jul 26 2023","May 04 2023","Jul 26 2023","SRA","1","lung","Homo sapiens","tissue: lung","disease state: systemic sclerosis","total RNA","Lung tiusue were grinded in liquid nitrogen and total RNA was extracted using the Qiagen RNeasy kit.","Libraries were prepared using the Illumina TruSeq Stranded Total RNA Library Prep Kit.","9606","Sequencing reads were filtered and aligned using HTSeqGenie against the human genome assembly GRCh38.","Assembly: GRCh38","Supplementary files format and content: TSV count matrices","GPL20301","Jason,Anthony,Vander Heiden","vandej27@gene.com","Biological Research AI Development","Genentech","1 DNA Way","South San Francisco","CA","94080","USA","0","Illumina HiSeq 4000","cDNA","transcriptomic","RNA-Seq","BioSample: https://www.ncbi.nlm.nih.gov/biosample/SAMN34586434","SRA: https://www.ncbi.nlm.nih.gov/sra?term=SRX20220737","ftp://ftp.ncbi.nlm.nih.gov/geo/samples/GSM7296nnn/GSM7296304/suppl/GSM7296304_SSc_5443_count.tsv.gz","systemic sclerosis","lung"
"SSc_5444","SSc_5444","GSM7296305","Public on Jul 26 2023","May 04 2023","Jul 26 2023","SRA","1","lung","Homo sapiens","tissue: lung","disease state: systemic sclerosis","total RNA","Lung tiusue were grinded in liquid nitrogen and total RNA was extracted using the Qiagen RNeasy kit.","Libraries were prepared using the Illumina TruSeq Stranded Total RNA Library Prep Kit.","9606","Sequencing reads were filtered and aligned using HTSeqGenie against the human genome assembly GRCh38.","Assembly: GRCh38","Supplementary files format and content: TSV count matrices","GPL20301","Jason,Anthony,Vander Heiden","vandej27@gene.com","Biological Research AI Development","Genentech","1 DNA Way","South San Francisco","CA","94080","USA","0","Illumina HiSeq 4000","cDNA","transcriptomic","RNA-Seq","BioSample: https://www.ncbi.nlm.nih.gov/biosample/SAMN34586433","SRA: https://www.ncbi.nlm.nih.gov/sra?term=SRX20220738","ftp://ftp.ncbi.nlm.nih.gov/geo/samples/GSM7296nnn/GSM7296305/suppl/GSM7296305_SSc_5444_count.tsv.gz","systemic sclerosis","lung"
"SSc_5445","SSc_5445","GSM7296306","Public on Jul 26 2023","May 04 2023","Jul 26 2023","SRA","1","lung","Homo sapiens","tissue: lung","disease state: systemic sclerosis","total RNA","Lung tiusue were grinded in liquid nitrogen and total RNA was extracted using the Qiagen RNeasy kit.","Libraries were prepared using the Illumina TruSeq Stranded Total RNA Library Prep Kit.","9606","Sequencing reads were filtered and aligned using HTSeqGenie against the human genome assembly GRCh38.","Assembly: GRCh38","Supplementary files format and content: TSV count matrices","GPL20301","Jason,Anthony,Vander Heiden","vandej27@gene.com","Biological Research AI Development","Genentech","1 DNA Way","South San Francisco","CA","94080","USA","0","Illumina HiSeq 4000","cDNA","transcriptomic","RNA-Seq","BioSample: https://www.ncbi.nlm.nih.gov/biosample/SAMN34586432","SRA: https://www.ncbi.nlm.nih.gov/sra?term=SRX20220739","ftp://ftp.ncbi.nlm.nih.gov/geo/samples/GSM7296nnn/GSM7296306/suppl/GSM7296306_SSc_5445_count.tsv.gz","systemic sclerosis","lung"
